Unit No,Unit Name,Room Type,Units,Max Occupancy,Beds,AC/Non-AC,Amenities,Base Rate (per night),Extra Adult Charge,Child Charge,Min Nights,Booking.com Room ID,Agoda Room ID,MakeMyTrip Room ID,Goibibo Room ID,Airbnb Listing ID,Check-in,Check-out,Cancellation Policy
1,Basic Room 1,Basic,1,2,1,Non-AC,"WiFi, TV",2500,999,999,1,,,,,,12:00 PM,11:00 AM,Non-refundable
2,Basic Room 2,Basic,1,2,1,Non-AC,"WiFi, TV",2500,999,999,1,,,,,,12:00 PM,11:00 AM,Non-refundable
3,Basic Double Room 1,Basic Double,1,4,2,Non-AC,"WiFi, TV",2500,999,999,1,,,,,,12:00 PM,11:00 AM,Non-refundable
4,Basic Double Room 2,Basic Double,1,4,2,Non-AC,"WiFi, TV",2500,999,999,1,,,,,,12:00 PM,11:00 AM,Non-refundable
5,Forest 1BHK Villa 1,Villa,1,4,2,AC,"WiFi, TV, Mini Fridge",6500,999,999,1,,,,,,12:00 PM,11:00 AM,Non-refundable
6,Forest 1BHK Villa 2,Villa,1,4,2,AC,"WiFi, TV, Mini Fridge",6500,999,999,1,,,,,,12:00 PM,11:00 AM,Non-refundable
7,Forest 1BHK Villa 3,Villa,1,4,2,AC,"WiFi, TV, Mini Fridge",6500,999,999,1,,,,,,12:00 PM,11:00 AM,Non-refundable
8,2BHK Forest Villa,Villa,1,6,3,AC,"WiFi, TV, Kitchen, Private Garden",8000,999,999,1,,,,,,12:00 PM,11:00 AM,Non-refundable
9,Duplex Villa,Villa,1,8,4,AC,"WiFi, TV, Kitchen, Private Pool, Private Garden",10000,999,999,1,,,,,,12:00 PM,11:00 AM,Non-refundable
